{
  "version_dir": "E:\\X\\projects\\task2\\scripts\\..\\models\\v2",
  "trained_at": "2026-06-21T14:43:53.869349+00:00",
  "n_historical_rows": 8057,
  "n_feedback_rows_used": 0,
  "priority_model": {
    "accuracy": 0.9975,
    "precision": 0.999,
    "recall": 0.997,
    "f1": 0.998,
    "n_train": 6445,
    "n_test": 1612,
    "roc_auc": 1.0
  },
  "road_closure_model": {
    "accuracy": 0.7916,
    "precision": 0.1926,
    "recall": 0.5714,
    "f1": 0.2881,
    "n_train": 6445,
    "n_test": 1612,
    "roc_auc": 0.785
  },
  "previous_priority_model": {
    "accuracy": 0.9975,
    "precision": 0.999,
    "recall": 0.997,
    "f1": 0.998,
    "roc_auc": 1.0,
    "n_train": 6445,
    "n_test": 1612,
    "features_used": [
      "event_type",
      "event_cause",
      "zone",
      "corridor",
      "veh_type",
      "time_window",
      "hour_of_day",
      "day_of_week",
      "is_weekend",
      "month",
      "is_peak_hour",
      "is_corridor_road",
      "corridor_event_share"
    ],
    "feature_importance": {
      "is_corridor_road": 0.8698999881744385,
      "corridor_event_share": 0.1120000034570694,
      "corridor": 0.004900000058114529,
      "veh_type": 0.002199999988079071,
      "zone": 0.0020000000949949026,
      "month": 0.0019000000320374966,
      "hour_of_day": 0.001500000013038516,
      "is_weekend": 0.0013000000035390258,
      "is_peak_hour": 0.0012000000569969416,
      "time_window": 0.0010000000474974513,
      "day_of_week": 0.0010000000474974513,
      "event_cause": 0.0008999999845400453,
      "event_type": 0.0
    }
  },
  "previous_road_closure_model": {
    "accuracy": 0.7916,
    "precision": 0.1926,
    "recall": 0.5714,
    "f1": 0.2881,
    "roc_auc": 0.785,
    "n_train": 6445,
    "n_test": 1612,
    "features_used": [
      "event_type",
      "event_cause",
      "zone",
      "corridor",
      "veh_type",
      "time_window",
      "hour_of_day",
      "day_of_week",
      "is_weekend",
      "month",
      "is_peak_hour",
      "is_corridor_road",
      "corridor_event_share",
      "cause_historical_high_rate"
    ],
    "feature_importance": {
      "cause_historical_high_rate": 0.17260000109672546,
      "is_corridor_road": 0.11330000311136246,
      "event_cause": 0.10400000214576721,
      "event_type": 0.09350000321865082,
      "corridor_event_share": 0.07689999788999557,
      "hour_of_day": 0.05730000138282776,
      "zone": 0.05389999970793724,
      "veh_type": 0.052299998700618744,
      "day_of_week": 0.050700001418590546,
      "month": 0.049800001084804535,
      "corridor": 0.049400001764297485,
      "is_weekend": 0.04729999974370003,
      "time_window": 0.04479999840259552,
      "is_peak_hour": 0.0340999998152256
    }
  }
}